id,name,model_id:id,group_id:id,perm_read,perm_write,perm_create,perm_unlink
access_school_class_public,school_class.employee public,model_school_class,,1,0,0,0
access_school_class_user,school_class.employee user,model_school_class,group_hr_user,1,1,1,0
access_school_class_manager,school_class.manager,model_school_class,group_hr_manager,1,1,1,1
access_thpt_lichthi_public,thpt_lichthi.employee public,model_thpt_lichthi,,1,0,0,0
access_thpt_lichthi_user,thpt_lichthi.employee user,model_thpt_lichthi,group_hr_user,1,1,1,0
access_thpt_lichthi_manager,thpt_lichthi.manager,model_thpt_lichthi,group_hr_manager,1,1,1,1
access_thpt_phongthi_public,thpt_phongthi.employee public,model_thpt_phongthi,,1,0,0,0
access_thpt_phongthi_user,thpt_phongthi.employee user,model_thpt_phongthi,group_hr_user,1,1,1,0
access_thpt_phongthi_manager,thpt_phongthi.manager,model_thpt_phongthi,group_hr_manager,1,1,1,1
access_school_grade_public,school_grade.employee public,model_school_grade,,1,0,0,0
access_school_grade_user,school_grade.employee user,model_school_grade,group_hr_user,1,1,1,0
access_school_grade_manager,school_grade.manager,model_school_grade,group_hr_manager,1,1,1,1
access_school_student_history_public,school_student_history.employee public,model_school_student_history,,1,0,0,0
access_school_student_history_user,school_student_history.employee user,model_school_student_history,group_hr_user,1,1,1,0
access_school_student_history_manager,school_student_history.manager,model_school_student_history,group_hr_manager,1,1,1,1
access_school_student_public,school_student.employee public,model_school_student,,1,0,0,0
access_school_student_user,school_student.employee user,model_school_student,group_hr_user,1,1,1,0
access_school_student_manager,school_student.manager,model_school_student,group_hr_manager,1,1,1,1
access_school_subject_public,school_subject.employee public,model_school_subject,,1,0,0,0
access_sschool_subject_user,school_subject.employee user,model_school_subject,group_hr_user,1,1,1,0
access_school_subject_manager,school_subject.manager,model_school_subject,group_hr_manager,1,1,1,1
access_school_teacher_public,school_teacher.employee public,model_school_teacher,,1,0,0,0
access_school_teacher_user,school_teacher.employee user,model_school_teacher,group_hr_user,1,1,1,0
access_school_teacher_manager,school_teacher.manager,model_school_teacher,group_hr_manager,1,1,1,1
access_school_schedule_public,school_schedule.employee public,model_school_schedule,,1,0,0,0
access_school_schedule_user,school_schedule.employee user,model_school_schedule,group_hr_user,1,1,1,0
access_school_schedule_manager,school_schedule.manager,model_school_schedule,group_hr_manager,1,1,1,1
access_school_auto_scheduler_manager,school_auto_scheduler.manager,model_school_auto_scheduler,group_hr_manager,1,1,1,1
access_school_auto_scheduler_wizard_manager,school_auto_scheduler_wizard.manager,model_school_auto_scheduler_wizard,group_hr_manager,1,1,1,1

